-- phpMyAdmin SQL Dump
-- version 4.5.1
-- http://www.phpmyadmin.net
--
-- Host: 127.0.0.1
-- Generation Time: Aug 07, 2017 at 09:07 PM
-- Server version: 10.1.19-MariaDB
-- PHP Version: 7.0.13

SET SQL_MODE = "NO_AUTO_VALUE_ON_ZERO";
SET time_zone = "+00:00";


/*!40101 SET @OLD_CHARACTER_SET_CLIENT=@@CHARACTER_SET_CLIENT */;
/*!40101 SET @OLD_CHARACTER_SET_RESULTS=@@CHARACTER_SET_RESULTS */;
/*!40101 SET @OLD_COLLATION_CONNECTION=@@COLLATION_CONNECTION */;
/*!40101 SET NAMES utf8mb4 */;

--
-- Database: `top_db`
--

-- --------------------------------------------------------

--
-- Table structure for table `categories`
--

CREATE TABLE `categories` (
  `category_id` int(11) NOT NULL,
  `category_name` varchar(50) NOT NULL
) ENGINE=InnoDB DEFAULT CHARSET=latin1;

--
-- Dumping data for table `categories`
--

INSERT INTO `categories` (`category_id`, `category_name`) VALUES
(1, 'Web Application'),
(2, 'Desktop Application'),
(3, 'Android Application');

-- --------------------------------------------------------

--
-- Table structure for table `files`
--

CREATE TABLE `files` (
  `file_id` int(11) NOT NULL,
  `file_name` varchar(60) NOT NULL,
  `file_type` varchar(30) NOT NULL,
  `file_size` varchar(30) NOT NULL,
  `file_path` varchar(100) NOT NULL,
  `project_id` int(10) NOT NULL
) ENGINE=InnoDB DEFAULT CHARSET=latin1;

--
-- Dumping data for table `files`
--

INSERT INTO `files` (`file_id`, `file_name`, `file_type`, `file_size`, `file_path`, `project_id`) VALUES
(1, 'e61dcb5d240382bd3b124c6933b9597e.zip', 'application/zip', '12.32', 'C:/xampp/htdocs/TOP/project_files/e61dcb5d240382bd3b124c6933b9597e.zip', 5),
(2, '0bf9459b50c8e52bd2761cc0a8b4fb19.zip', 'application/zip', '12.32', 'C:/xampp/htdocs/TOP/project_files/0bf9459b50c8e52bd2761cc0a8b4fb19.zip', 6),
(3, 'f2826f3ccae736dbef6e004a0af49861.zip', 'application/zip', '12.32', 'C:/xampp/htdocs/TOP/project_files/f2826f3ccae736dbef6e004a0af49861.zip', 7),
(4, '5f4c3b20248fd2fc18338355c8fc09a7.zip', 'application/zip', '12.32', 'C:/xampp/htdocs/TOP/project_files/5f4c3b20248fd2fc18338355c8fc09a7.zip', 3),
(5, 'b0a25004a0306777bb39346feedfe886.zip', 'application/zip', '2162.58', 'C:/xampp/htdocs/TOP/project_files/b0a25004a0306777bb39346feedfe886.zip', 9),
(6, '91d85e629b9e31c3889adaa25cce9ccb.zip', 'application/zip', '22.66', 'C:/xampp/htdocs/TOP/project_files/91d85e629b9e31c3889adaa25cce9ccb.zip', 10);

-- --------------------------------------------------------

--
-- Table structure for table `news`
--

CREATE TABLE `news` (
  `news_id` int(11) NOT NULL,
  `news_title` varchar(200) NOT NULL,
  `description` longtext NOT NULL,
  `uploader` varchar(30) NOT NULL,
  `date` varchar(30) NOT NULL
) ENGINE=InnoDB DEFAULT CHARSET=latin1;

--
-- Dumping data for table `news`
--

INSERT INTO `news` (`news_id`, `news_title`, `description`, `uploader`, `date`) VALUES
(1, 'new news', '<p>dmkmdldmla</p>\r\n<p>smskdmsld</p>', 'Medy', '1502129076'),
(2, 'Second news', '<p>dmkmdldmla</p>\r\n<p>smskdmsld </p>\r\n<p>skdmskd</p>\r\n<p>slmdmsdkmskm</p>', 'Medy', '1502129149'),
(3, '3 news', '<p>dmkmdldmla</p>\r\n<p>smskdmsld</p>\r\n<p>skdmskd</p>\r\n<p>slmdmsdkmskm</p>', 'Medy', '1502129204');

-- --------------------------------------------------------

--
-- Table structure for table `projects`
--

CREATE TABLE `projects` (
  `project_id` int(11) NOT NULL,
  `project_name` varchar(150) NOT NULL,
  `category_id` int(10) NOT NULL,
  `uploader` varchar(30) NOT NULL,
  `payment` varchar(10) NOT NULL,
  `description` text NOT NULL,
  `upload_date` varchar(10) NOT NULL
) ENGINE=InnoDB DEFAULT CHARSET=latin1;

--
-- Dumping data for table `projects`
--

INSERT INTO `projects` (`project_id`, `project_name`, `category_id`, `uploader`, `payment`, `description`, `upload_date`) VALUES
(1, 'Shopping Information System', 1, 'Medy', 'Free', 'demo one', '1500302794'),
(3, 'Shopping Information System', 1, 'Medy', 'Free', 'demo one', '1500302908'),
(4, 'LAnd MAnan', 2, 'Medy', 'Paid', 'Demo Two', '1500303400'),
(5, 'LAnd MAnan', 2, 'Medy', 'Paid', 'Demo Two', '1500303538'),
(6, 'kuku', 3, 'Medy', 'Free', 'Demo 3', '1500304794'),
(7, 'kuku', 3, 'Medy', 'Free', 'Demo 3', '1500304919'),
(8, 'online booking', 1, 'Medy', 'Paid', 'windows7 or later\r\nram 3gb', '1500314203'),
(9, 'Household company', 1, 'Medy', 'Paid', '<p>sdsd</p>\r\n<ul>\r\n<li>fdfdfdfdfd</li>\r\n<li>jggfhf</li>\r\n</ul>\r\n<p><strong>HABARI KAMILI</strong></p>', '1501507502'),
(10, 'vb tutorial', 1, 'Medy', 'Free', '<p><!-- [if gte mso 9]><xml>\r\n <o:OfficeDocumentSettings>\r\n  <o:AllowPNG/>\r\n </o:OfficeDocumentSettings>\r\n</xml><![endif]--></p>\r\n<p><!-- [if gte mso 9]><xml>\r\n <w:WordDocument>\r\n  <w:View>Normal</w:View>\r\n  <w:Zoom>0</w:Zoom>\r\n  <w:TrackMoves/>\r\n  <w:TrackFormatting/>\r\n  <w:PunctuationKerning/>\r\n  <w:ValidateAgainstSchemas/>\r\n  <w:SaveIfXMLInvalid>false</w:SaveIfXMLInvalid>\r\n  <w:IgnoreMixedContent>false</w:IgnoreMixedContent>\r\n  <w:AlwaysShowPlaceholderText>false</w:AlwaysShowPlaceholderText>\r\n  <w:DoNotPromoteQF/>\r\n  <w:LidThemeOther>EN-US</w:LidThemeOther>\r\n  <w:LidThemeAsian>X-NONE</w:LidThemeAsian>\r\n  <w:LidThemeComplexScript>X-NONE</w:LidThemeComplexScript>\r\n  <w:Compatibility>\r\n   <w:BreakWrappedTables/>\r\n   <w:SnapToGridInCell/>\r\n   <w:WrapTextWithPunct/>\r\n   <w:UseAsianBreakRules/>\r\n   <w:DontGrowAutofit/>\r\n   <w:SplitPgBreakAndParaMark/>\r\n   <w:EnableOpenTypeKerning/>\r\n   <w:DontFlipMirrorIndents/>\r\n   <w:OverrideTableStyleHps/>\r\n  </w:Compatibility>\r\n  <m:mathPr>\r\n   <m:mathFont m:val="Cambria Math"/>\r\n   <m:brkBin m:val="before"/>\r\n   <m:brkBinSub m:val="&#45;-"/>\r\n   <m:smallFrac m:val="off"/>\r\n   <m:dispDef/>\r\n   <m:lMargin m:val="0"/>\r\n   <m:rMargin m:val="0"/>\r\n   <m:defJc m:val="centerGroup"/>\r\n   <m:wrapIndent m:val="1440"/>\r\n   <m:intLim m:val="subSup"/>\r\n   <m:naryLim m:val="undOvr"/>\r\n  </m:mathPr></w:WordDocument>\r\n</xml><![endif]--><!-- [if gte mso 9]><xml>\r\n <w:LatentStyles DefLockedState="false" DefUnhideWhenUsed="false"\r\n  DefSemiHidden="false" DefQFormat="false" DefPriority="99"\r\n  LatentStyleCount="371">\r\n  <w:LsdException Locked="false" Priority="0" QFormat="true" Name="Normal"/>\r\n  <w:LsdException Locked="false" Priority="9" QFormat="true" Name="heading 1"/>\r\n  <w:LsdException Locked="false" Priority="9" SemiHidden="true"\r\n   UnhideWhenUsed="true" QFormat="true" Name="heading 2"/>\r\n  <w:LsdException Locked="false" Priority="9" SemiHidden="true"\r\n   UnhideWhenUsed="true" QFormat="true" Name="heading 3"/>\r\n  <w:LsdException Locked="false" Priority="9" SemiHidden="true"\r\n   UnhideWhenUsed="true" QFormat="true" Name="heading 4"/>\r\n  <w:LsdException Locked="false" Priority="9" SemiHidden="true"\r\n   UnhideWhenUsed="true" QFormat="true" Name="heading 5"/>\r\n  <w:LsdException Locked="false" Priority="9" SemiHidden="true"\r\n   UnhideWhenUsed="true" QFormat="true" Name="heading 6"/>\r\n  <w:LsdException Locked="false" Priority="9" SemiHidden="true"\r\n   UnhideWhenUsed="true" QFormat="true" Name="heading 7"/>\r\n  <w:LsdException Locked="false" Priority="9" SemiHidden="true"\r\n   UnhideWhenUsed="true" QFormat="true" Name="heading 8"/>\r\n  <w:LsdException Locked="false" Priority="9" SemiHidden="true"\r\n   UnhideWhenUsed="true" QFormat="true" Name="heading 9"/>\r\n  <w:LsdException Locked="false" SemiHidden="true" UnhideWhenUsed="true"\r\n   Name="index 1"/>\r\n  <w:LsdException Locked="false" SemiHidden="true" UnhideWhenUsed="true"\r\n   Name="index 2"/>\r\n  <w:LsdException Locked="false" SemiHidden="true" UnhideWhenUsed="true"\r\n   Name="index 3"/>\r\n  <w:LsdException Locked="false" SemiHidden="true" UnhideWhenUsed="true"\r\n   Name="index 4"/>\r\n  <w:LsdException Locked="false" SemiHidden="true" UnhideWhenUsed="true"\r\n   Name="index 5"/>\r\n  <w:LsdException Locked="false" SemiHidden="true" UnhideWhenUsed="true"\r\n   Name="index 6"/>\r\n  <w:LsdException Locked="false" SemiHidden="true" UnhideWhenUsed="true"\r\n   Name="index 7"/>\r\n  <w:LsdException Locked="false" SemiHidden="true" UnhideWhenUsed="true"\r\n   Name="index 8"/>\r\n  <w:LsdException Locked="false" SemiHidden="true" UnhideWhenUsed="true"\r\n   Name="index 9"/>\r\n  <w:LsdException Locked="false" Priority="39" SemiHidden="true"\r\n   UnhideWhenUsed="true" Name="toc 1"/>\r\n  <w:LsdException Locked="false" Priority="39" SemiHidden="true"\r\n   UnhideWhenUsed="true" Name="toc 2"/>\r\n  <w:LsdException Locked="false" Priority="39" SemiHidden="true"\r\n   UnhideWhenUsed="true" Name="toc 3"/>\r\n  <w:LsdException Locked="false" Priority="39" SemiHidden="true"\r\n   UnhideWhenUsed="true" Name="toc 4"/>\r\n  <w:LsdException Locked="false" Priority="39" SemiHidden="true"\r\n   UnhideWhenUsed="true" Name="toc 5"/>\r\n  <w:LsdException Locked="false" Priority="39" SemiHidden="true"\r\n   UnhideWhenUsed="true" Name="toc 6"/>\r\n  <w:LsdException Locked="false" Priority="39" SemiHidden="true"\r\n   UnhideWhenUsed="true" Name="toc 7"/>\r\n  <w:LsdException Locked="false" Priority="39" SemiHidden="true"\r\n   UnhideWhenUsed="true" Name="toc 8"/>\r\n  <w:LsdException Locked="false" Priority="39" SemiHidden="true"\r\n   UnhideWhenUsed="true" Name="toc 9"/>\r\n  <w:LsdException Locked="false" SemiHidden="true" UnhideWhenUsed="true"\r\n   Name="Normal Indent"/>\r\n  <w:LsdException Locked="false" SemiHidden="true" UnhideWhenUsed="true"\r\n   Name="footnote text"/>\r\n  <w:LsdException Locked="false" SemiHidden="true" UnhideWhenUsed="true"\r\n   Name="annotation text"/>\r\n  <w:LsdException Locked="false" SemiHidden="true" UnhideWhenUsed="true"\r\n   Name="header"/>\r\n  <w:LsdException Locked="false" SemiHidden="true" UnhideWhenUsed="true"\r\n   Name="footer"/>\r\n  <w:LsdException Locked="false" SemiHidden="true" UnhideWhenUsed="true"\r\n   Name="index heading"/>\r\n  <w:LsdException Locked="false" Priority="35" SemiHidden="true"\r\n   UnhideWhenUsed="true" QFormat="true" Name="caption"/>\r\n  <w:LsdException Locked="false" SemiHidden="true" UnhideWhenUsed="true"\r\n   Name="table of figures"/>\r\n  <w:LsdException Locked="false" SemiHidden="true" UnhideWhenUsed="true"\r\n   Name="envelope address"/>\r\n  <w:LsdException Locked="false" SemiHidden="true" UnhideWhenUsed="true"\r\n   Name="envelope return"/>\r\n  <w:LsdException Locked="false" SemiHidden="true" UnhideWhenUsed="true"\r\n   Name="footnote reference"/>\r\n  <w:LsdException Locked="false" SemiHidden="true" UnhideWhenUsed="true"\r\n   Name="annotation reference"/>\r\n  <w:LsdException Locked="false" SemiHidden="true" UnhideWhenUsed="true"\r\n   Name="line number"/>\r\n  <w:LsdException Locked="false" SemiHidden="true" UnhideWhenUsed="true"\r\n   Name="page number"/>\r\n  <w:LsdException Locked="false" SemiHidden="true" UnhideWhenUsed="true"\r\n   Name="endnote reference"/>\r\n  <w:LsdException Locked="false" SemiHidden="true" UnhideWhenUsed="true"\r\n   Name="endnote text"/>\r\n  <w:LsdException Locked="false" SemiHidden="true" UnhideWhenUsed="true"\r\n   Name="table of authorities"/>\r\n  <w:LsdException Locked="false" SemiHidden="true" UnhideWhenUsed="true"\r\n   Name="macro"/>\r\n  <w:LsdException Locked="false" SemiHidden="true" UnhideWhenUsed="true"\r\n   Name="toa heading"/>\r\n  <w:LsdException Locked="false" SemiHidden="true" UnhideWhenUsed="true"\r\n   Name="List"/>\r\n  <w:LsdException Locked="false" SemiHidden="true" UnhideWhenUsed="true"\r\n   Name="List Bullet"/>\r\n  <w:LsdException Locked="false" SemiHidden="true" UnhideWhenUsed="true"\r\n   Name="List Number"/>\r\n  <w:LsdException Locked="false" SemiHidden="true" UnhideWhenUsed="true"\r\n   Name="List 2"/>\r\n  <w:LsdException Locked="false" SemiHidden="true" UnhideWhenUsed="true"\r\n   Name="List 3"/>\r\n  <w:LsdException Locked="false" SemiHidden="true" UnhideWhenUsed="true"\r\n   Name="List 4"/>\r\n  <w:LsdException Locked="false" SemiHidden="true" UnhideWhenUsed="true"\r\n   Name="List 5"/>\r\n  <w:LsdException Locked="false" SemiHidden="true" UnhideWhenUsed="true"\r\n   Name="List Bullet 2"/>\r\n  <w:LsdException Locked="false" SemiHidden="true" UnhideWhenUsed="true"\r\n   Name="List Bullet 3"/>\r\n  <w:LsdException Locked="false" SemiHidden="true" UnhideWhenUsed="true"\r\n   Name="List Bullet 4"/>\r\n  <w:LsdException Locked="false" SemiHidden="true" UnhideWhenUsed="true"\r\n   Name="List Bullet 5"/>\r\n  <w:LsdException Locked="false" SemiHidden="true" UnhideWhenUsed="true"\r\n   Name="List Number 2"/>\r\n  <w:LsdException Locked="false" SemiHidden="true" UnhideWhenUsed="true"\r\n   Name="List Number 3"/>\r\n  <w:LsdException Locked="false" SemiHidden="true" UnhideWhenUsed="true"\r\n   Name="List Number 4"/>\r\n  <w:LsdException Locked="false" SemiHidden="true" UnhideWhenUsed="true"\r\n   Name="List Number 5"/>\r\n  <w:LsdException Locked="false" Priority="10" QFormat="true" Name="Title"/>\r\n  <w:LsdException Locked="false" SemiHidden="true" UnhideWhenUsed="true"\r\n   Name="Closing"/>\r\n  <w:LsdException Locked="false" SemiHidden="true" UnhideWhenUsed="true"\r\n   Name="Signature"/>\r\n  <w:LsdException Locked="false" Priority="1" SemiHidden="true"\r\n   UnhideWhenUsed="true" Name="Default Paragraph Font"/>\r\n  <w:LsdException Locked="false" SemiHidden="true" UnhideWhenUsed="true"\r\n   Name="Body Text"/>\r\n  <w:LsdException Locked="false" SemiHidden="true" UnhideWhenUsed="true"\r\n   Name="Body Text Indent"/>\r\n  <w:LsdException Locked="false" SemiHidden="true" UnhideWhenUsed="true"\r\n   Name="List Continue"/>\r\n  <w:LsdException Locked="false" SemiHidden="true" UnhideWhenUsed="true"\r\n   Name="List Continue 2"/>\r\n  <w:LsdException Locked="false" SemiHidden="true" UnhideWhenUsed="true"\r\n   Name="List Continue 3"/>\r\n  <w:LsdException Locked="false" SemiHidden="true" UnhideWhenUsed="true"\r\n   Name="List Continue 4"/>\r\n  <w:LsdException Locked="false" SemiHidden="true" UnhideWhenUsed="true"\r\n   Name="List Continue 5"/>\r\n  <w:LsdException Locked="false" SemiHidden="true" UnhideWhenUsed="true"\r\n   Name="Message Header"/>\r\n  <w:LsdException Locked="false" Priority="11" QFormat="true" Name="Subtitle"/>\r\n  <w:LsdException Locked="false" SemiHidden="true" UnhideWhenUsed="true"\r\n   Name="Salutation"/>\r\n  <w:LsdException Locked="false" SemiHidden="true" UnhideWhenUsed="true"\r\n   Name="Date"/>\r\n  <w:LsdException Locked="false" SemiHidden="true" UnhideWhenUsed="true"\r\n   Name="Body Text First Indent"/>\r\n  <w:LsdException Locked="false" SemiHidden="true" UnhideWhenUsed="true"\r\n   Name="Body Text First Indent 2"/>\r\n  <w:LsdException Locked="false" SemiHidden="true" UnhideWhenUsed="true"\r\n   Name="Note Heading"/>\r\n  <w:LsdException Locked="false" SemiHidden="true" UnhideWhenUsed="true"\r\n   Name="Body Text 2"/>\r\n  <w:LsdException Locked="false" SemiHidden="true" UnhideWhenUsed="true"\r\n   Name="Body Text 3"/>\r\n  <w:LsdException Locked="false" SemiHidden="true" UnhideWhenUsed="true"\r\n   Name="Body Text Indent 2"/>\r\n  <w:LsdException Locked="false" SemiHidden="true" UnhideWhenUsed="true"\r\n   Name="Body Text Indent 3"/>\r\n  <w:LsdException Locked="false" SemiHidden="true" UnhideWhenUsed="true"\r\n   Name="Block Text"/>\r\n  <w:LsdException Locked="false" SemiHidden="true" UnhideWhenUsed="true"\r\n   Name="Hyperlink"/>\r\n  <w:LsdException Locked="false" SemiHidden="true" UnhideWhenUsed="true"\r\n   Name="FollowedHyperlink"/>\r\n  <w:LsdException Locked="false" Priority="22" QFormat="true" Name="Strong"/>\r\n  <w:LsdException Locked="false" Priority="20" QFormat="true" Name="Emphasis"/>\r\n  <w:LsdException Locked="false" SemiHidden="true" UnhideWhenUsed="true"\r\n   Name="Document Map"/>\r\n  <w:LsdException Locked="false" SemiHidden="true" UnhideWhenUsed="true"\r\n   Name="Plain Text"/>\r\n  <w:LsdException Locked="false" SemiHidden="true" UnhideWhenUsed="true"\r\n   Name="E-mail Signature"/>\r\n  <w:LsdException Locked="false" SemiHidden="true" UnhideWhenUsed="true"\r\n   Name="HTML Top of Form"/>\r\n  <w:LsdException Locked="false" SemiHidden="true" UnhideWhenUsed="true"\r\n   Name="HTML Bottom of Form"/>\r\n  <w:LsdException Locked="false" SemiHidden="true" UnhideWhenUsed="true"\r\n   Name="Normal (Web)"/>\r\n  <w:LsdException Locked="false" SemiHidden="true" UnhideWhenUsed="true"\r\n   Name="HTML Acronym"/>\r\n  <w:LsdException Locked="false" SemiHidden="true" UnhideWhenUsed="true"\r\n   Name="HTML Address"/>\r\n  <w:LsdException Locked="false" SemiHidden="true" UnhideWhenUsed="true"\r\n   Name="HTML Cite"/>\r\n  <w:LsdException Locked="false" SemiHidden="true" UnhideWhenUsed="true"\r\n   Name="HTML Code"/>\r\n  <w:LsdException Locked="false" SemiHidden="true" UnhideWhenUsed="true"\r\n   Name="HTML Definition"/>\r\n  <w:LsdException Locked="false" SemiHidden="true" UnhideWhenUsed="true"\r\n   Name="HTML Keyboard"/>\r\n  <w:LsdException Locked="false" SemiHidden="true" UnhideWhenUsed="true"\r\n   Name="HTML Preformatted"/>\r\n  <w:LsdException Locked="false" SemiHidden="true" UnhideWhenUsed="true"\r\n   Name="HTML Sample"/>\r\n  <w:LsdException Locked="false" SemiHidden="true" UnhideWhenUsed="true"\r\n   Name="HTML Typewriter"/>\r\n  <w:LsdException Locked="false" SemiHidden="true" UnhideWhenUsed="true"\r\n   Name="HTML Variable"/>\r\n  <w:LsdException Locked="false" SemiHidden="true" UnhideWhenUsed="true"\r\n   Name="Normal Table"/>\r\n  <w:LsdException Locked="false" SemiHidden="true" UnhideWhenUsed="true"\r\n   Name="annotation subject"/>\r\n  <w:LsdException Locked="false" SemiHidden="true" UnhideWhenUsed="true"\r\n   Name="No List"/>\r\n  <w:LsdException Locked="false" SemiHidden="true" UnhideWhenUsed="true"\r\n   Name="Outline List 1"/>\r\n  <w:LsdException Locked="false" SemiHidden="true" UnhideWhenUsed="true"\r\n   Name="Outline List 2"/>\r\n  <w:LsdException Locked="false" SemiHidden="true" UnhideWhenUsed="true"\r\n   Name="Outline List 3"/>\r\n  <w:LsdException Locked="false" SemiHidden="true" UnhideWhenUsed="true"\r\n   Name="Table Simple 1"/>\r\n  <w:LsdException Locked="false" SemiHidden="true" UnhideWhenUsed="true"\r\n   Name="Table Simple 2"/>\r\n  <w:LsdException Locked="false" SemiHidden="true" UnhideWhenUsed="true"\r\n   Name="Table Simple 3"/>\r\n  <w:LsdException Locked="false" SemiHidden="true" UnhideWhenUsed="true"\r\n   Name="Table Classic 1"/>\r\n  <w:LsdException Locked="false" SemiHidden="true" UnhideWhenUsed="true"\r\n   Name="Table Classic 2"/>\r\n  <w:LsdException Locked="false" SemiHidden="true" UnhideWhenUsed="true"\r\n   Name="Table Classic 3"/>\r\n  <w:LsdException Locked="false" SemiHidden="true" UnhideWhenUsed="true"\r\n   Name="Table Classic 4"/>\r\n  <w:LsdException Locked="false" SemiHidden="true" UnhideWhenUsed="true"\r\n   Name="Table Colorful 1"/>\r\n  <w:LsdException Locked="false" SemiHidden="true" UnhideWhenUsed="true"\r\n   Name="Table Colorful 2"/>\r\n  <w:LsdException Locked="false" SemiHidden="true" UnhideWhenUsed="true"\r\n   Name="Table Colorful 3"/>\r\n  <w:LsdException Locked="false" SemiHidden="true" UnhideWhenUsed="true"\r\n   Name="Table Columns 1"/>\r\n  <w:LsdException Locked="false" SemiHidden="true" UnhideWhenUsed="true"\r\n   Name="Table Columns 2"/>\r\n  <w:LsdException Locked="false" SemiHidden="true" UnhideWhenUsed="true"\r\n   Name="Table Columns 3"/>\r\n  <w:LsdException Locked="false" SemiHidden="true" UnhideWhenUsed="true"\r\n   Name="Table Columns 4"/>\r\n  <w:LsdException Locked="false" SemiHidden="true" UnhideWhenUsed="true"\r\n   Name="Table Columns 5"/>\r\n  <w:LsdException Locked="false" SemiHidden="true" UnhideWhenUsed="true"\r\n   Name="Table Grid 1"/>\r\n  <w:LsdException Locked="false" SemiHidden="true" UnhideWhenUsed="true"\r\n   Name="Table Grid 2"/>\r\n  <w:LsdException Locked="false" SemiHidden="true" UnhideWhenUsed="true"\r\n   Name="Table Grid 3"/>\r\n  <w:LsdException Locked="false" SemiHidden="true" UnhideWhenUsed="true"\r\n   Name="Table Grid 4"/>\r\n  <w:LsdException Locked="false" SemiHidden="true" UnhideWhenUsed="true"\r\n   Name="Table Grid 5"/>\r\n  <w:LsdException Locked="false" SemiHidden="true" UnhideWhenUsed="true"\r\n   Name="Table Grid 6"/>\r\n  <w:LsdException Locked="false" SemiHidden="true" UnhideWhenUsed="true"\r\n   Name="Table Grid 7"/>\r\n  <w:LsdException Locked="false" SemiHidden="true" UnhideWhenUsed="true"\r\n   Name="Table Grid 8"/>\r\n  <w:LsdException Locked="false" SemiHidden="true" UnhideWhenUsed="true"\r\n   Name="Table List 1"/>\r\n  <w:LsdException Locked="false" SemiHidden="true" UnhideWhenUsed="true"\r\n   Name="Table List 2"/>\r\n  <w:LsdException Locked="false" SemiHidden="true" UnhideWhenUsed="true"\r\n   Name="Table List 3"/>\r\n  <w:LsdException Locked="false" SemiHidden="true" UnhideWhenUsed="true"\r\n   Name="Table List 4"/>\r\n  <w:LsdException Locked="false" SemiHidden="true" UnhideWhenUsed="true"\r\n   Name="Table List 5"/>\r\n  <w:LsdException Locked="false" SemiHidden="true" UnhideWhenUsed="true"\r\n   Name="Table List 6"/>\r\n  <w:LsdException Locked="false" SemiHidden="true" UnhideWhenUsed="true"\r\n   Name="Table List 7"/>\r\n  <w:LsdException Locked="false" SemiHidden="true" UnhideWhenUsed="true"\r\n   Name="Table List 8"/>\r\n  <w:LsdException Locked="false" SemiHidden="true" UnhideWhenUsed="true"\r\n   Name="Table 3D effects 1"/>\r\n  <w:LsdException Locked="false" SemiHidden="true" UnhideWhenUsed="true"\r\n   Name="Table 3D effects 2"/>\r\n  <w:LsdException Locked="false" SemiHidden="true" UnhideWhenUsed="true"\r\n   Name="Table 3D effects 3"/>\r\n  <w:LsdException Locked="false" SemiHidden="true" UnhideWhenUsed="true"\r\n   Name="Table Contemporary"/>\r\n  <w:LsdException Locked="false" SemiHidden="true" UnhideWhenUsed="true"\r\n   Name="Table Elegant"/>\r\n  <w:LsdException Locked="false" SemiHidden="true" UnhideWhenUsed="true"\r\n   Name="Table Professional"/>\r\n  <w:LsdException Locked="false" SemiHidden="true" UnhideWhenUsed="true"\r\n   Name="Table Subtle 1"/>\r\n  <w:LsdException Locked="false" SemiHidden="true" UnhideWhenUsed="true"\r\n   Name="Table Subtle 2"/>\r\n  <w:LsdException Locked="false" SemiHidden="true" UnhideWhenUsed="true"\r\n   Name="Table Web 1"/>\r\n  <w:LsdException Locked="false" SemiHidden="true" UnhideWhenUsed="true"\r\n   Name="Table Web 2"/>\r\n  <w:LsdException Locked="false" SemiHidden="true" UnhideWhenUsed="true"\r\n   Name="Table Web 3"/>\r\n  <w:LsdException Locked="false" SemiHidden="true" UnhideWhenUsed="true"\r\n   Name="Balloon Text"/>\r\n  <w:LsdException Locked="false" Priority="39" Name="Table Grid"/>\r\n  <w:LsdException Locked="false" SemiHidden="true" UnhideWhenUsed="true"\r\n   Name="Table Theme"/>\r\n  <w:LsdException Locked="false" SemiHidden="true" Name="Placeholder Text"/>\r\n  <w:LsdException Locked="false" Priority="1" QFormat="true" Name="No Spacing"/>\r\n  <w:LsdException Locked="false" Priority="60" Name="Light Shading"/>\r\n  <w:LsdException Locked="false" Priority="61" Name="Light List"/>\r\n  <w:LsdException Locked="false" Priority="62" Name="Light Grid"/>\r\n  <w:LsdException Locked="false" Priority="63" Name="Medium Shading 1"/>\r\n  <w:LsdException Locked="false" Priority="64" Name="Medium Shading 2"/>\r\n  <w:LsdException Locked="false" Priority="65" Name="Medium List 1"/>\r\n  <w:LsdException Locked="false" Priority="66" Name="Medium List 2"/>\r\n  <w:LsdException Locked="false" Priority="67" Name="Medium Grid 1"/>\r\n  <w:LsdException Locked="false" Priority="68" Name="Medium Grid 2"/>\r\n  <w:LsdException Locked="false" Priority="69" Name="Medium Grid 3"/>\r\n  <w:LsdException Locked="false" Priority="70" Name="Dark List"/>\r\n  <w:LsdException Locked="false" Priority="71" Name="Colorful Shading"/>\r\n  <w:LsdException Locked="false" Priority="72" Name="Colorful List"/>\r\n  <w:LsdException Locked="false" Priority="73" Name="Colorful Grid"/>\r\n  <w:LsdException Locked="false" Priority="60" Name="Light Shading Accent 1"/>\r\n  <w:LsdException Locked="false" Priority="61" Name="Light List Accent 1"/>\r\n  <w:LsdException Locked="false" Priority="62" Name="Light Grid Accent 1"/>\r\n  <w:LsdException Locked="false" Priority="63" Name="Medium Shading 1 Accent 1"/>\r\n  <w:LsdException Locked="false" Priority="64" Name="Medium Shading 2 Accent 1"/>\r\n  <w:LsdException Locked="false" Priority="65" Name="Medium List 1 Accent 1"/>\r\n  <w:LsdException Locked="false" SemiHidden="true" Name="Revision"/>\r\n  <w:LsdException Locked="false" Priority="34" QFormat="true"\r\n   Name="List Paragraph"/>\r\n  <w:LsdException Locked="false" Priority="29" QFormat="true" Name="Quote"/>\r\n  <w:LsdException Locked="false" Priority="30" QFormat="true"\r\n   Name="Intense Quote"/>\r\n  <w:LsdException Locked="false" Priority="66" Name="Medium List 2 Accent 1"/>\r\n  <w:LsdException Locked="false" Priority="67" Name="Medium Grid 1 Accent 1"/>\r\n  <w:LsdException Locked="false" Priority="68" Name="Medium Grid 2 Accent 1"/>\r\n  <w:LsdException Locked="false" Priority="69" Name="Medium Grid 3 Accent 1"/>\r\n  <w:LsdException Locked="false" Priority="70" Name="Dark List Accent 1"/>\r\n  <w:LsdException Locked="false" Priority="71" Name="Colorful Shading Accent 1"/>\r\n  <w:LsdException Locked="false" Priority="72" Name="Colorful List Accent 1"/>\r\n  <w:LsdException Locked="false" Priority="73" Name="Colorful Grid Accent 1"/>\r\n  <w:LsdException Locked="false" Priority="60" Name="Light Shading Accent 2"/>\r\n  <w:LsdException Locked="false" Priority="61" Name="Light List Accent 2"/>\r\n  <w:LsdException Locked="false" Priority="62" Name="Light Grid Accent 2"/>\r\n  <w:LsdException Locked="false" Priority="63" Name="Medium Shading 1 Accent 2"/>\r\n  <w:LsdException Locked="false" Priority="64" Name="Medium Shading 2 Accent 2"/>\r\n  <w:LsdException Locked="false" Priority="65" Name="Medium List 1 Accent 2"/>\r\n  <w:LsdException Locked="false" Priority="66" Name="Medium List 2 Accent 2"/>\r\n  <w:LsdException Locked="false" Priority="67" Name="Medium Grid 1 Accent 2"/>\r\n  <w:LsdException Locked="false" Priority="68" Name="Medium Grid 2 Accent 2"/>\r\n  <w:LsdException Locked="false" Priority="69" Name="Medium Grid 3 Accent 2"/>\r\n  <w:LsdException Locked="false" Priority="70" Name="Dark List Accent 2"/>\r\n  <w:LsdException Locked="false" Priority="71" Name="Colorful Shading Accent 2"/>\r\n  <w:LsdException Locked="false" Priority="72" Name="Colorful List Accent 2"/>\r\n  <w:LsdException Locked="false" Priority="73" Name="Colorful Grid Accent 2"/>\r\n  <w:LsdException Locked="false" Priority="60" Name="Light Shading Accent 3"/>\r\n  <w:LsdException Locked="false" Priority="61" Name="Light List Accent 3"/>\r\n  <w:LsdException Locked="false" Priority="62" Name="Light Grid Accent 3"/>\r\n  <w:LsdException Locked="false" Priority="63" Name="Medium Shading 1 Accent 3"/>\r\n  <w:LsdException Locked="false" Priority="64" Name="Medium Shading 2 Accent 3"/>\r\n  <w:LsdException Locked="false" Priority="65" Name="Medium List 1 Accent 3"/>\r\n  <w:LsdException Locked="false" Priority="66" Name="Medium List 2 Accent 3"/>\r\n  <w:LsdException Locked="false" Priority="67" Name="Medium Grid 1 Accent 3"/>\r\n  <w:LsdException Locked="false" Priority="68" Name="Medium Grid 2 Accent 3"/>\r\n  <w:LsdException Locked="false" Priority="69" Name="Medium Grid 3 Accent 3"/>\r\n  <w:LsdException Locked="false" Priority="70" Name="Dark List Accent 3"/>\r\n  <w:LsdException Locked="false" Priority="71" Name="Colorful Shading Accent 3"/>\r\n  <w:LsdException Locked="false" Priority="72" Name="Colorful List Accent 3"/>\r\n  <w:LsdException Locked="false" Priority="73" Name="Colorful Grid Accent 3"/>\r\n  <w:LsdException Locked="false" Priority="60" Name="Light Shading Accent 4"/>\r\n  <w:LsdException Locked="false" Priority="61" Name="Light List Accent 4"/>\r\n  <w:LsdException Locked="false" Priority="62" Name="Light Grid Accent 4"/>\r\n  <w:LsdException Locked="false" Priority="63" Name="Medium Shading 1 Accent 4"/>\r\n  <w:LsdException Locked="false" Priority="64" Name="Medium Shading 2 Accent 4"/>\r\n  <w:LsdException Locked="false" Priority="65" Name="Medium List 1 Accent 4"/>\r\n  <w:LsdException Locked="false" Priority="66" Name="Medium List 2 Accent 4"/>\r\n  <w:LsdException Locked="false" Priority="67" Name="Medium Grid 1 Accent 4"/>\r\n  <w:LsdException Locked="false" Priority="68" Name="Medium Grid 2 Accent 4"/>\r\n  <w:LsdException Locked="false" Priority="69" Name="Medium Grid 3 Accent 4"/>\r\n  <w:LsdException Locked="false" Priority="70" Name="Dark List Accent 4"/>\r\n  <w:LsdException Locked="false" Priority="71" Name="Colorful Shading Accent 4"/>\r\n  <w:LsdException Locked="false" Priority="72" Name="Colorful List Accent 4"/>\r\n  <w:LsdException Locked="false" Priority="73" Name="Colorful Grid Accent 4"/>\r\n  <w:LsdException Locked="false" Priority="60" Name="Light Shading Accent 5"/>\r\n  <w:LsdException Locked="false" Priority="61" Name="Light List Accent 5"/>\r\n  <w:LsdException Locked="false" Priority="62" Name="Light Grid Accent 5"/>\r\n  <w:LsdException Locked="false" Priority="63" Name="Medium Shading 1 Accent 5"/>\r\n  <w:LsdException Locked="false" Priority="64" Name="Medium Shading 2 Accent 5"/>\r\n  <w:LsdException Locked="false" Priority="65" Name="Medium List 1 Accent 5"/>\r\n  <w:LsdException Locked="false" Priority="66" Name="Medium List 2 Accent 5"/>\r\n  <w:LsdException Locked="false" Priority="67" Name="Medium Grid 1 Accent 5"/>\r\n  <w:LsdException Locked="false" Priority="68" Name="Medium Grid 2 Accent 5"/>\r\n  <w:LsdException Locked="false" Priority="69" Name="Medium Grid 3 Accent 5"/>\r\n  <w:LsdException Locked="false" Priority="70" Name="Dark List Accent 5"/>\r\n  <w:LsdException Locked="false" Priority="71" Name="Colorful Shading Accent 5"/>\r\n  <w:LsdException Locked="false" Priority="72" Name="Colorful List Accent 5"/>\r\n  <w:LsdException Locked="false" Priority="73" Name="Colorful Grid Accent 5"/>\r\n  <w:LsdException Locked="false" Priority="60" Name="Light Shading Accent 6"/>\r\n  <w:LsdException Locked="false" Priority="61" Name="Light List Accent 6"/>\r\n  <w:LsdException Locked="false" Priority="62" Name="Light Grid Accent 6"/>\r\n  <w:LsdException Locked="false" Priority="63" Name="Medium Shading 1 Accent 6"/>\r\n  <w:LsdException Locked="false" Priority="64" Name="Medium Shading 2 Accent 6"/>\r\n  <w:LsdException Locked="false" Priority="65" Name="Medium List 1 Accent 6"/>\r\n  <w:LsdException Locked="false" Priority="66" Name="Medium List 2 Accent 6"/>\r\n  <w:LsdException Locked="false" Priority="67" Name="Medium Grid 1 Accent 6"/>\r\n  <w:LsdException Locked="false" Priority="68" Name="Medium Grid 2 Accent 6"/>\r\n  <w:LsdException Locked="false" Priority="69" Name="Medium Grid 3 Accent 6"/>\r\n  <w:LsdException Locked="false" Priority="70" Name="Dark List Accent 6"/>\r\n  <w:LsdException Locked="false" Priority="71" Name="Colorful Shading Accent 6"/>\r\n  <w:LsdException Locked="false" Priority="72" Name="Colorful List Accent 6"/>\r\n  <w:LsdException Locked="false" Priority="73" Name="Colorful Grid Accent 6"/>\r\n  <w:LsdException Locked="false" Priority="19" QFormat="true"\r\n   Name="Subtle Emphasis"/>\r\n  <w:LsdException Locked="false" Priority="21" QFormat="true"\r\n   Name="Intense Emphasis"/>\r\n  <w:LsdException Locked="false" Priority="31" QFormat="true"\r\n   Name="Subtle Reference"/>\r\n  <w:LsdException Locked="false" Priority="32" QFormat="true"\r\n   Name="Intense Reference"/>\r\n  <w:LsdException Locked="false" Priority="33" QFormat="true" Name="Book Title"/>\r\n  <w:LsdException Locked="false" Priority="37" SemiHidden="true"\r\n   UnhideWhenUsed="true" Name="Bibliography"/>\r\n  <w:LsdException Locked="false" Priority="39" SemiHidden="true"\r\n   UnhideWhenUsed="true" QFormat="true" Name="TOC Heading"/>\r\n  <w:LsdException Locked="false" Priority="41" Name="Plain Table 1"/>\r\n  <w:LsdException Locked="false" Priority="42" Name="Plain Table 2"/>\r\n  <w:LsdException Locked="false" Priority="43" Name="Plain Table 3"/>\r\n  <w:LsdException Locked="false" Priority="44" Name="Plain Table 4"/>\r\n  <w:LsdException Locked="false" Priority="45" Name="Plain Table 5"/>\r\n  <w:LsdException Locked="false" Priority="40" Name="Grid Table Light"/>\r\n  <w:LsdException Locked="false" Priority="46" Name="Grid Table 1 Light"/>\r\n  <w:LsdException Locked="false" Priority="47" Name="Grid Table 2"/>\r\n  <w:LsdException Locked="false" Priority="48" Name="Grid Table 3"/>\r\n  <w:LsdException Locked="false" Priority="49" Name="Grid Table 4"/>\r\n  <w:LsdException Locked="false" Priority="50" Name="Grid Table 5 Dark"/>\r\n  <w:LsdException Locked="false" Priority="51" Name="Grid Table 6 Colorful"/>\r\n  <w:LsdException Locked="false" Priority="52" Name="Grid Table 7 Colorful"/>\r\n  <w:LsdException Locked="false" Priority="46"\r\n   Name="Grid Table 1 Light Accent 1"/>\r\n  <w:LsdException Locked="false" Priority="47" Name="Grid Table 2 Accent 1"/>\r\n  <w:LsdException Locked="false" Priority="48" Name="Grid Table 3 Accent 1"/>\r\n  <w:LsdException Locked="false" Priority="49" Name="Grid Table 4 Accent 1"/>\r\n  <w:LsdException Locked="false" Priority="50" Name="Grid Table 5 Dark Accent 1"/>\r\n  <w:LsdException Locked="false" Priority="51"\r\n   Name="Grid Table 6 Colorful Accent 1"/>\r\n  <w:LsdException Locked="false" Priority="52"\r\n   Name="Grid Table 7 Colorful Accent 1"/>\r\n  <w:LsdException Locked="false" Priority="46"\r\n   Name="Grid Table 1 Light Accent 2"/>\r\n  <w:LsdException Locked="false" Priority="47" Name="Grid Table 2 Accent 2"/>\r\n  <w:LsdException Locked="false" Priority="48" Name="Grid Table 3 Accent 2"/>\r\n  <w:LsdException Locked="false" Priority="49" Name="Grid Table 4 Accent 2"/>\r\n  <w:LsdException Locked="false" Priority="50" Name="Grid Table 5 Dark Accent 2"/>\r\n  <w:LsdException Locked="false" Priority="51"\r\n   Name="Grid Table 6 Colorful Accent 2"/>\r\n  <w:LsdException Locked="false" Priority="52"\r\n   Name="Grid Table 7 Colorful Accent 2"/>\r\n  <w:LsdException Locked="false" Priority="46"\r\n   Name="Grid Table 1 Light Accent 3"/>\r\n  <w:LsdException Locked="false" Priority="47" Name="Grid Table 2 Accent 3"/>\r\n  <w:LsdException Locked="false" Priority="48" Name="Grid Table 3 Accent 3"/>\r\n  <w:LsdException Locked="false" Priority="49" Name="Grid Table 4 Accent 3"/>\r\n  <w:LsdException Locked="false" Priority="50" Name="Grid Table 5 Dark Accent 3"/>\r\n  <w:LsdException Locked="false" Priority="51"\r\n   Name="Grid Table 6 Colorful Accent 3"/>\r\n  <w:LsdException Locked="false" Priority="52"\r\n   Name="Grid Table 7 Colorful Accent 3"/>\r\n  <w:LsdException Locked="false" Priority="46"\r\n   Name="Grid Table 1 Light Accent 4"/>\r\n  <w:LsdException Locked="false" Priority="47" Name="Grid Table 2 Accent 4"/>\r\n  <w:LsdException Locked="false" Priority="48" Name="Grid Table 3 Accent 4"/>\r\n  <w:LsdException Locked="false" Priority="49" Name="Grid Table 4 Accent 4"/>\r\n  <w:LsdException Locked="false" Priority="50" Name="Grid Table 5 Dark Accent 4"/>\r\n  <w:LsdException Locked="false" Priority="51"\r\n   Name="Grid Table 6 Colorful Accent 4"/>\r\n  <w:LsdException Locked="false" Priority="52"\r\n   Name="Grid Table 7 Colorful Accent 4"/>\r\n  <w:LsdException Locked="false" Priority="46"\r\n   Name="Grid Table 1 Light Accent 5"/>\r\n  <w:LsdException Locked="false" Priority="47" Name="Grid Table 2 Accent 5"/>\r\n  <w:LsdException Locked="false" Priority="48" Name="Grid Table 3 Accent 5"/>\r\n  <w:LsdException Locked="false" Priority="49" Name="Grid Table 4 Accent 5"/>\r\n  <w:LsdException Locked="false" Priority="50" Name="Grid Table 5 Dark Accent 5"/>\r\n  <w:LsdException Locked="false" Priority="51"\r\n   Name="Grid Table 6 Colorful Accent 5"/>\r\n  <w:LsdException Locked="false" Priority="52"\r\n   Name="Grid Table 7 Colorful Accent 5"/>\r\n  <w:LsdException Locked="false" Priority="46"\r\n   Name="Grid Table 1 Light Accent 6"/>\r\n  <w:LsdException Locked="false" Priority="47" Name="Grid Table 2 Accent 6"/>\r\n  <w:LsdException Locked="false" Priority="48" Name="Grid Table 3 Accent 6"/>\r\n  <w:LsdException Locked="false" Priority="49" Name="Grid Table 4 Accent 6"/>\r\n  <w:LsdException Locked="false" Priority="50" Name="Grid Table 5 Dark Accent 6"/>\r\n  <w:LsdException Locked="false" Priority="51"\r\n   Name="Grid Table 6 Colorful Accent 6"/>\r\n  <w:LsdException Locked="false" Priority="52"\r\n   Name="Grid Table 7 Colorful Accent 6"/>\r\n  <w:LsdException Locked="false" Priority="46" Name="List Table 1 Light"/>\r\n  <w:LsdException Locked="false" Priority="47" Name="List Table 2"/>\r\n  <w:LsdException Locked="false" Priority="48" Name="List Table 3"/>\r\n  <w:LsdException Locked="false" Priority="49" Name="List Table 4"/>\r\n  <w:LsdException Locked="false" Priority="50" Name="List Table 5 Dark"/>\r\n  <w:LsdException Locked="false" Priority="51" Name="List Table 6 Colorful"/>\r\n  <w:LsdException Locked="false" Priority="52" Name="List Table 7 Colorful"/>\r\n  <w:LsdException Locked="false" Priority="46"\r\n   Name="List Table 1 Light Accent 1"/>\r\n  <w:LsdException Locked="false" Priority="47" Name="List Table 2 Accent 1"/>\r\n  <w:LsdException Locked="false" Priority="48" Name="List Table 3 Accent 1"/>\r\n  <w:LsdException Locked="false" Priority="49" Name="List Table 4 Accent 1"/>\r\n  <w:LsdException Locked="false" Priority="50" Name="List Table 5 Dark Accent 1"/>\r\n  <w:LsdException Locked="false" Priority="51"\r\n   Name="List Table 6 Colorful Accent 1"/>\r\n  <w:LsdException Locked="false" Priority="52"\r\n   Name="List Table 7 Colorful Accent 1"/>\r\n  <w:LsdException Locked="false" Priority="46"\r\n   Name="List Table 1 Light Accent 2"/>\r\n  <w:LsdException Locked="false" Priority="47" Name="List Table 2 Accent 2"/>\r\n  <w:LsdException Locked="false" Priority="48" Name="List Table 3 Accent 2"/>\r\n  <w:LsdException Locked="false" Priority="49" Name="List Table 4 Accent 2"/>\r\n  <w:LsdException Locked="false" Priority="50" Name="List Table 5 Dark Accent 2"/>\r\n  <w:LsdException Locked="false" Priority="51"\r\n   Name="List Table 6 Colorful Accent 2"/>\r\n  <w:LsdException Locked="false" Priority="52"\r\n   Name="List Table 7 Colorful Accent 2"/>\r\n  <w:LsdException Locked="false" Priority="46"\r\n   Name="List Table 1 Light Accent 3"/>\r\n  <w:LsdException Locked="false" Priority="47" Name="List Table 2 Accent 3"/>\r\n  <w:LsdException Locked="false" Priority="48" Name="List Table 3 Accent 3"/>\r\n  <w:LsdException Locked="false" Priority="49" Name="List Table 4 Accent 3"/>\r\n  <w:LsdException Locked="false" Priority="50" Name="List Table 5 Dark Accent 3"/>\r\n  <w:LsdException Locked="false" Priority="51"\r\n   Name="List Table 6 Colorful Accent 3"/>\r\n  <w:LsdException Locked="false" Priority="52"\r\n   Name="List Table 7 Colorful Accent 3"/>\r\n  <w:LsdException Locked="false" Priority="46"\r\n   Name="List Table 1 Light Accent 4"/>\r\n  <w:LsdException Locked="false" Priority="47" Name="List Table 2 Accent 4"/>\r\n  <w:LsdException Locked="false" Priority="48" Name="List Table 3 Accent 4"/>\r\n  <w:LsdException Locked="false" Priority="49" Name="List Table 4 Accent 4"/>\r\n  <w:LsdException Locked="false" Priority="50" Name="List Table 5 Dark Accent 4"/>\r\n  <w:LsdException Locked="false" Priority="51"\r\n   Name="List Table 6 Colorful Accent 4"/>\r\n  <w:LsdException Locked="false" Priority="52"\r\n   Name="List Table 7 Colorful Accent 4"/>\r\n  <w:LsdException Locked="false" Priority="46"\r\n   Name="List Table 1 Light Accent 5"/>\r\n  <w:LsdException Locked="false" Priority="47" Name="List Table 2 Accent 5"/>\r\n  <w:LsdException Locked="false" Priority="48" Name="List Table 3 Accent 5"/>\r\n  <w:LsdException Locked="false" Priority="49" Name="List Table 4 Accent 5"/>\r\n  <w:LsdException Locked="false" Priority="50" Name="List Table 5 Dark Accent 5"/>\r\n  <w:LsdException Locked="false" Priority="51"\r\n   Name="List Table 6 Colorful Accent 5"/>\r\n  <w:LsdException Locked="false" Priority="52"\r\n   Name="List Table 7 Colorful Accent 5"/>\r\n  <w:LsdException Locked="false" Priority="46"\r\n   Name="List Table 1 Light Accent 6"/>\r\n  <w:LsdException Locked="false" Priority="47" Name="List Table 2 Accent 6"/>\r\n  <w:LsdException Locked="false" Priority="48" Name="List Table 3 Accent 6"/>\r\n  <w:LsdException Locked="false" Priority="49" Name="List Table 4 Accent 6"/>\r\n  <w:LsdException Locked="false" Priority="50" Name="List Table 5 Dark Accent 6"/>\r\n  <w:LsdException Locked="false" Priority="51"\r\n   Name="List Table 6 Colorful Accent 6"/>\r\n  <w:LsdException Locked="false" Priority="52"\r\n   Name="List Table 7 Colorful Accent 6"/>\r\n </w:LatentStyles>\r\n</xml><![endif]--><!-- [if gte mso 10]>\r\n<style>\r\n /* Style Definitions */\r\n table.MsoNormalTable\r\n	{mso-style-name:"Table Normal";\r\n	mso-tstyle-rowband-size:0;\r\n	mso-tstyle-colband-size:0;\r\n	mso-style-noshow:yes;\r\n	mso-style-priority:99;\r\n	mso-style-parent:"";\r\n	mso-padding-alt:0in 5.4pt 0in 5.4pt;\r\n	mso-para-margin-top:0in;\r\n	mso-para-margin-right:0in;\r\n	mso-para-margin-bottom:8.0pt;\r\n	mso-para-margin-left:0in;\r\n	line-height:107%;\r\n	mso-pagination:widow-orphan;\r\n	font-size:11.0pt;\r\n	font-family:"Calibri",sans-serif;\r\n	mso-ascii-font-family:Calibri;\r\n	mso-ascii-theme-font:minor-latin;\r\n	mso-hansi-font-family:Calibri;\r\n	mso-hansi-theme-font:minor-latin;\r\n	mso-bidi-font-family:"Times New Roman";\r\n	mso-bidi-theme-font:minor-bidi;}\r\n</style>\r\n<![endif]--></p>\r\n<p class="MsoNormal" style="text-align: justify;"><strong style="mso-bidi-font-weight: normal;"><span style="font-size: 12.0pt; line-height: 115%; font-family: ''Times New Roman'',serif;">E-government</span></strong><span style="font-size: 12.0pt; line-height: 115%; font-family: ''Times New Roman'',serif;"> - Is the use of electronic devices, computers and the internet to provide public services to citizens. <strong style="mso-bidi-font-weight: normal;">Or</strong></span></p>\r\n<p class="MsoNormal" style="text-align: justify;"><span style="font-size: 12.0pt; line-height: 115%; font-family: ''Times New Roman'',serif;">Is any government function or process that are carried out in digital form over the internet. This is a general term describing the use of technology to facilitate the operation of government and disbursement of government services.</span></p>\r\n<p class="MsoNormal" style="text-align: justify;"><span class="tgc"><span style="font-size: 12.0pt; line-height: 115%; font-family: ''Times New Roman'',serif;">Various Scholars define the term E-government in different way</span></span></p>\r\n<p class="MsoNormal" style="text-align: justify;"><span class="tgc"><strong style="mso-bidi-font-weight: normal;"><u><span style="font-size: 12.0pt; line-height: 115%; font-family: ''Times New Roman'',serif;">Abramson and Means, 2001</span></u></strong></span><span class="tgc"><span style="font-size: 12.0pt; line-height: 115%; font-family: ''Times New Roman'',serif;"> &ndash; E-government can be defined as &ndash; the electronic interaction (transaction and information exchange) between the government, the public (citizens and businesses) and employees.</span></span></p>\r\n<p class="MsoNormal" style="text-align: justify;"><span class="tgc"><strong style="mso-bidi-font-weight: normal;"><u><span style="font-size: 12.0pt; line-height: 115%; font-family: ''Times New Roman'',serif;">World Bank, 2001</span></u></strong></span><span class="tgc"><span style="font-size: 12.0pt; line-height: 115%; font-family: ''Times New Roman'',serif;"> &ndash; E-government is the government owned or operated systems of information and communication technologies that transform relations with citizens, the private sector and/or other government agencies so as to promote citizens&rsquo; empowerment, improve service delivery, strengthen accountability, increase transparency, or improve government efficiency.</span></span></p>\r\n<p class="MsoNormal" style="text-align: justify;"><span class="tgc"><strong style="mso-bidi-font-weight: normal;"><u><span style="font-size: 12.0pt; line-height: 115%; font-family: ''Times New Roman'',serif;">Fraga , 2001</span></u></strong></span><span class="tgc"><span style="font-size: 12.0pt; line-height: 115%; font-family: ''Times New Roman'',serif;"> &ndash; E-government is the transformation of public sector internal and external relationships through net-enabled operations, IT and communications, in order to improve: Government service delivery; Constituency participation; Society.</span></span></p>\r\n<p class="MsoNormal" style="text-align: justify;"><span class="tgc"><strong style="mso-bidi-font-weight: normal;"><u><span style="font-size: 12.0pt; line-height: 115%; font-family: ''Times New Roman'',serif;">Tapscott , 1996</span></u></strong></span><span class="tgc"><span style="font-size: 12.0pt; line-height: 115%; font-family: ''Times New Roman'',serif;"> &ndash; E-government is an Internet-worked government which links new technology with legal systems internally and in turn links such government information infrastructure externally with everything digital and with everybody &ndash; the tax payer, suppliers, business customers, voters and every other institution in the society.</span></span></p>\r\n<p class="MsoNormal" style="text-align: justify;"><span class="tgc"><strong style="mso-bidi-font-weight: normal;"><u><span style="font-size: 12.0pt; line-height: 115%; font-family: ''Times New Roman'',serif;">UNPA &amp; ASPA, 2001 -</span></u></strong></span><span class="tgc"><span style="font-size: 12.0pt; line-height: 115%; font-family: ''Times New Roman'',serif;">E-government is the public sector&rsquo;s use of the most innovative information and communication technologies, like the Internet, to deliver to all citizens improved services, reliable information and greater knowledge in order to facilitate access to the governing process and encourage deeper citizen participation.</span></span></p>', '1502125924');

-- --------------------------------------------------------

--
-- Table structure for table `screenshots`
--

CREATE TABLE `screenshots` (
  `screenshot_id` int(11) NOT NULL,
  `screenshot_name` varchar(60) NOT NULL,
  `screenshot_size` varchar(30) NOT NULL,
  `screenshot_type` varchar(30) NOT NULL,
  `screenshot_path` varchar(150) NOT NULL,
  `project_id` int(11) NOT NULL
) ENGINE=InnoDB DEFAULT CHARSET=latin1;

--
-- Dumping data for table `screenshots`
--

INSERT INTO `screenshots` (`screenshot_id`, `screenshot_name`, `screenshot_size`, `screenshot_type`, `screenshot_path`, `project_id`) VALUES
(1, '721c2b7fab9700708801634d96e50f51.jpg', '79.16', 'image/jpeg', 'C:/xampp/htdocs/TOP/images/thumbnails/721c2b7fab9700708801634d96e50f51.jpg', 3),
(2, '73df4d53baba7dcc17c030ce849090df.jpg', '27.63', 'image/jpeg', 'C:/xampp/htdocs/TOP/images/thumbnails/73df4d53baba7dcc17c030ce849090df.jpg', 8),
(3, '24dc8150f707c6d33c0aa722411f5ea3.jpg', '108.98', 'image/jpeg', 'C:/xampp/htdocs/TOP/images/thumbnails/24dc8150f707c6d33c0aa722411f5ea3.jpg', 8),
(4, '9100986f03881a73b5f5ef681adb0236.jpg', '155.77', 'image/jpeg', 'C:/xampp/htdocs/TOP/images/thumbnails/9100986f03881a73b5f5ef681adb0236.jpg', 8),
(5, 'd73b5371163437990f285151a6e377d2.jpg', '212.55', 'image/jpeg', 'C:/xampp/htdocs/TOP/images/thumbnails/d73b5371163437990f285151a6e377d2.jpg', 3),
(6, '0f5285c05dfdb872723e9e477334b6ad.JPG', '242.94', 'image/jpeg', 'C:/xampp/htdocs/TOP/images/thumbnails/0f5285c05dfdb872723e9e477334b6ad.JPG', 9),
(7, 'ecc3bc738c169697e60982123838ecb6.JPG', '232.45', 'image/jpeg', 'C:/xampp/htdocs/TOP/images/thumbnails/ecc3bc738c169697e60982123838ecb6.JPG', 9),
(8, 'e2c9948beb5e111278e60cf15d343778.jpg', '93.47', 'image/jpeg', 'C:/xampp/htdocs/TOP/images/thumbnails/e2c9948beb5e111278e60cf15d343778.jpg', 10),
(9, '627d9283919e1e1b32e06c368868a152.jpg', '201.57', 'image/jpeg', 'C:/xampp/htdocs/TOP/images/thumbnails/627d9283919e1e1b32e06c368868a152.jpg', 10);

-- --------------------------------------------------------

--
-- Table structure for table `users`
--

CREATE TABLE `users` (
  `user_id` int(11) NOT NULL,
  `username` varchar(30) NOT NULL,
  `email` varchar(100) NOT NULL,
  `password` varchar(100) NOT NULL,
  `user_role` varchar(10) NOT NULL,
  `token` varchar(100) NOT NULL
) ENGINE=InnoDB DEFAULT CHARSET=latin1;

--
-- Dumping data for table `users`
--

INSERT INTO `users` (`user_id`, `username`, `email`, `password`, `user_role`, `token`) VALUES
(2, 'admin', 'lusaku74@gmail.com', '40bd001563085fc35165329ea1ff5c5ecbdbbeef', '1', ''),
(3, 'Medy', 'hemedishafii91@gmail.com', '40bd001563085fc35165329ea1ff5c5ecbdbbeef', '1', ''),
(4, 'zengo', 'lusaku742@gmail.com', '40bd001563085fc35165329ea1ff5c5ecbdbbeef', '1', ''),
(5, 'zengo', 'lusaku7422@gmail.com', '40bd001563085fc35165329ea1ff5c5ecbdbbeef', '1', ''),
(6, 'hhh', 'hemedishafii92@gmail.com', '7b52009b64fd0a2a49e6d8a939753077792b0554', '1', ''),
(7, 'jah', 'jah@fk.com', '40bd001563085fc35165329ea1ff5c5ecbdbbeef', '1', '');

--
-- Indexes for dumped tables
--

--
-- Indexes for table `categories`
--
ALTER TABLE `categories`
  ADD PRIMARY KEY (`category_id`);

--
-- Indexes for table `files`
--
ALTER TABLE `files`
  ADD PRIMARY KEY (`file_id`);

--
-- Indexes for table `news`
--
ALTER TABLE `news`
  ADD PRIMARY KEY (`news_id`);

--
-- Indexes for table `projects`
--
ALTER TABLE `projects`
  ADD PRIMARY KEY (`project_id`);

--
-- Indexes for table `screenshots`
--
ALTER TABLE `screenshots`
  ADD PRIMARY KEY (`screenshot_id`);

--
-- Indexes for table `users`
--
ALTER TABLE `users`
  ADD PRIMARY KEY (`user_id`);

--
-- AUTO_INCREMENT for dumped tables
--

--
-- AUTO_INCREMENT for table `categories`
--
ALTER TABLE `categories`
  MODIFY `category_id` int(11) NOT NULL AUTO_INCREMENT, AUTO_INCREMENT=4;
--
-- AUTO_INCREMENT for table `files`
--
ALTER TABLE `files`
  MODIFY `file_id` int(11) NOT NULL AUTO_INCREMENT, AUTO_INCREMENT=7;
--
-- AUTO_INCREMENT for table `news`
--
ALTER TABLE `news`
  MODIFY `news_id` int(11) NOT NULL AUTO_INCREMENT, AUTO_INCREMENT=4;
--
-- AUTO_INCREMENT for table `projects`
--
ALTER TABLE `projects`
  MODIFY `project_id` int(11) NOT NULL AUTO_INCREMENT, AUTO_INCREMENT=11;
--
-- AUTO_INCREMENT for table `screenshots`
--
ALTER TABLE `screenshots`
  MODIFY `screenshot_id` int(11) NOT NULL AUTO_INCREMENT, AUTO_INCREMENT=10;
--
-- AUTO_INCREMENT for table `users`
--
ALTER TABLE `users`
  MODIFY `user_id` int(11) NOT NULL AUTO_INCREMENT, AUTO_INCREMENT=8;
/*!40101 SET CHARACTER_SET_CLIENT=@OLD_CHARACTER_SET_CLIENT */;
/*!40101 SET CHARACTER_SET_RESULTS=@OLD_CHARACTER_SET_RESULTS */;
/*!40101 SET COLLATION_CONNECTION=@OLD_COLLATION_CONNECTION */;
