<?xml version="1.0" encoding="utf-8"?>
<extension version="3.4" type="plugin" group="system" method="upgrade">
    <name>IncomeUp | Multipurpose Business Joomla Template</name>
    <description>
	<![CDATA[
		<h3>IncomeUp | Multipurpose Business Joomla Template</h3>
		<p>IncomeUp is a clean and modern multi-purpose Joomla Template for all kind of business. Packed with 10 Homepage Demos, powered by Helix 3 Framework, K2 and VirtueMart 3 component, it's ideal theme for any agency like creative design agency, web development agency, PR agency, fashion agency, as a theme for startup company or well established company. It would also look great for product or service landing page or product microsite. With great collection of elements to choose from and present your product it is ideal theme for any startup company.</p>

		<p>IncomeUp is jammed packed with options! Template options allow you to change the look and feel of site and great collection of Drag and Drop Layout to modify layouts and add various elements. It also impressed users by its features and functions. The most powerful and trendy features, including Mega Menu; Off-canvas Menu; Visual Page Composer;  Multi-languages; Support RTL Language; Fully Support K2 and VirtueMart 3.0.8 with much more features....</p>

		<p>We have a dedicated support center for all of your support needs. It includes our Documentation, Community Forum and an advanced Ticket System for any questions you have. We usually get back to you within 14-16 hours. (except holiday seasons which might take longer). So, If you're looking for a best Multipurpose Joomla Template, than look no further!</p>
		
		<h3>Main Features:</h3>
		<ul>
			<li>Responsive Design: This means that you only need one template for the desktop, tablet, smartphone and other mobile devices.</li>
			<li>10 Home Page Layout: IncomeUp comes with 10 beautiful home pages. It's ideal template for any agency like creative design agency, web development agency, PR agency, fashion agency, as a template for startup company or well established company.</li>
			<li>Fully Support VirtueMart 3: Built with the experience of more than 10 years VirtueMart 3 provides you with a powerful and comprehensive eCommerce solution. IncomeUp is Fully Support it!</li>
			<li>Multi-Languages: IncomeUp is also fully support multi-languages. We had already installed 2 languages: English and Hebrew. You also can use one default language to build your website with no time.</li>
			<li>RTL Language Support: Supports RTL (Right to Left) Language based Designs like Arabic, Farsi & Hebrew.</li>
			<li>Layout Builder: Allows anyone to customize the existing theme in any shape or dimensions without having any programming language!</li>
			<li>Page Builder: allows you to easily create advanced custom layouts for any page using your designs. This Content Construction Kit (CCK) provides extend the basic content publishing system and publish all sorts of different content add-ons using the Joomla CMS.</li>
			<li>Mega Menu: allows you to display a ton of content in menu item including text, images, module and articles.</li>
			<li>Off-Canvas Menu: used primarily with Mobile and touch devices and can provide an extremely useful and beautiful experience for your users.</li>
			<li>Rich typography: Advanced Typography based on Bootstrap would enable you styling your Tables, Forms, and Buttons along with other elements to make your website more beautiful.</li>
			<li>Shortcode Support: Useful Shortcode installed by using which anybody can add lots of extra features on website without coding knowledge.</li>
			<li>HTML5 Base Template: We brought HTML5 in Our Templates to make elegant, modern and SEO friendly website that would be fully functional & represents awesome typography.</li>
			<li>Built With Less CSS: You can reduce over requests to browsers while making CSS development and it makes your whole website more powerful and speedier than ever.</li>
			<li>Use Helix Framework: Helix Framework is one of the best light and feature rich responsive framework for Joomla Templating.</li>
			<li>7 Premium Extensions from VinaGecko: Vina Camera Image Slider, Vina Item Carousel for K2, Vina Item Grid Gallery for K2, Vina Product Carousel for VirtueMart, Vina Manufacturers Carousel for Virtuemart, Vina Vertical Scroller for Twitter and Vina Treeview for Menus are the popular extensions for Joomla 3.x. Now you can use it in IncomeUp template.</li>
			<li>CSS & Javascript Compression: Helix decreases your website loading time drastically by using Advanced CSS & JS compression systems that works with all types of browsers.</li>
			<li>Google Analytics: Users can easily integrate Google Analytics Code on their website and can maintain all the features that Google Analytics are providing.</li>
			<li>Powered By BootStrap: Bootstrap is made upon responsive CSS Designs with less code which enhances the overall look of your website.</li>
		</ul>
		<br/>
		<h3>IncomeUp Note:</h3>
		<ul>
			<li>Demo images are not included in the quickstart package and have been replaced with placeholder images.</li>
			<li>Our template fully support 3 functions: Virtuemart Product Compare, VirtueMart Product Wishlist, VirtueMart One Page Checkout as you can see live demo. However, we don't include 3 functions to our template package. If you want to use 3 functions, you need purchase it from developer's website.</li>
		</ul>
		<p><strong>Tags:</strong> virtuemart, agency, e-commerce, business, corporate, multipurpose, page builder , virtuemart 3, one page, helix 3, bootstrap, online shop, fashion agency, company</p>
	]]>
	</description>
    <scriptfile>installer.script.php</scriptfile>
	
    <files>
		<filename plugin="tmp_helix3">installer.script.php</filename>
    </files>
    <plugins>
        <plugin plugin="helix3" group="ajax" />
        <plugin plugin="helix3" group="system" />
    </plugins>
</extension>